exp,arch,N,ploss,k,n,p99,p99_succ,drop,miss_5ms,miss_10ms,miss_20ms,miss_50ms,miss_100ms,miss_1000ms
main,L,10,0.0,0,40000,0.0022795124073385622,0.0022795124073385622,0.0,0.0,0.0,0.0,0.0,0.0,0.0
main,L,30,0.0,0,40000,0.0022803338315270745,0.0022803338315270745,0.0,0.0,0.0,0.0,0.0,0.0,0.0
main,L,100,0.0,0,40000,0.0022803055979618058,0.0022803055979618058,0.0,0.0,0.0,0.0,0.0,0.0,0.0
main,L,300,0.0,0,40000,0.002280606268988709,0.002280606268988709,0.0,0.0,0.0,0.0,0.0,0.0,0.0
main,L,1000,0.0,0,40000,0.0022813668800393005,0.0022813668800393005,0.0,0.0,0.0,0.0,0.0,0.0,0.0
main,L,3000,0.0,0,40000,0.0022816134061484426,0.0022816134061484426,0.0,0.0,0.0,0.0,0.0,0.0,0.0
main,L,10000,0.0,0,40000,0.002280579442812682,0.002280579442812682,0.0,0.0,0.0,0.0,0.0,0.0,0.0
main,E,10,0.0,0,40000,0.020139378668016027,0.020139378668016027,0.0,0.19155,0.19155,0.011525,0.0,0.0,0.0
main,E,30,0.0,0,40000,0.02014731680184744,0.02014731680184744,0.0,0.188375,0.188375,0.011675,0.0,0.0,0.0
main,E,100,0.0,0,40000,0.020139730908621315,0.020135757030437604,2.5e-05,0.1863,0.1863,0.0119,2.5e-05,2.5e-05,2.5e-05
main,E,300,0.0,0,40000,0.02009090312453786,0.02009090312453786,0.0,0.187575,0.187575,0.010825,2.5e-05,0.0,0.0
main,E,1000,0.0,0,40000,0.02013374563729023,0.020127395856691127,5e-05,0.18975,0.18975,0.01165,5e-05,5e-05,5e-05
main,E,3000,0.0,0,40000,0.0201582639198447,0.0201518526127258,5e-05,0.186925,0.186925,0.011825,5e-05,5e-05,5e-05
main,E,10000,0.0,0,40000,0.02013725645448305,0.020136279244715265,2.5e-05,0.18865,0.18865,0.0114,2.5e-05,2.5e-05,2.5e-05
main,S-ALOHA,10,0.0,0,40251,0.036176084810496646,0.03530296507748926,0.0011179846463441902,0.6318352339072321,0.07371245434896027,0.033688604009838266,0.0021117487764279147,0.0011179846463441902,0.0011179846463441902
main,S-ALOHA,30,0.0,0,40355,inf,0.04847205523935333,0.01075455333911535,0.6980052038161318,0.2409366869037294,0.1297732622971131,0.018659397844133317,0.01075455333911535,0.01075455333911535
main,S-ALOHA,100,0.0,0,40288,inf,0.07930579150928906,0.3738830420969023,0.9355887609213661,0.838239674344718,0.7210335583796664,0.457580420969023,0.3738830420969023,0.3738830420969023
main,S-ALOHA,300,0.0,0,40198,inf,0.09038037409115939,0.9868650181601075,0.9998258619831832,0.999402955370914,0.9982834966913777,0.992263296681427,0.9868650181601075,0.9868650181601075
main,S-ALOHA,1000,0.0,0,40246,inf,0.0645489397590149,0.9999254584306515,1.0,1.0,1.0,1.0,0.9999254584306515,0.9999254584306515
main,S-ALOHA,3000,0.0,0,39680,inf,0.05670854500966747,0.9999747983870968,1.0,1.0,1.0,1.0,0.9999747983870968,0.9999747983870968
main,S-ALOHA,10000,0.0,0,39706,inf,nan,1.0,1.0,1.0,1.0,1.0,1.0,1.0
main,S-TDMA-1,10,0.0,0,39964,0.00690752372421211,0.00690752372421211,0.0,0.615053548193374,0.0,0.0,0.0,0.0,0.0
main,S-TDMA-1,30,0.0,0,39890,0.00780009714879748,0.00780009714879748,0.0,0.6504136375031336,0.000501378791677112,0.0,0.0,0.0,0.0
main,S-TDMA-1,100,0.0,0,39839,0.013457995956234611,0.013457995956234611,0.0,0.7916112352217676,0.05876151509827054,0.0006526268229624238,0.0,0.0,0.0
main,S-TDMA-1,300,0.0,0,40308,41.00289891297894,41.00289891297894,0.0,1.0,1.0,1.0,1.0,1.0,1.0
main,S-TDMA-1,1000,0.0,0,39899,inf,66.60784311671567,0.8281159928820271,1.0,1.0,1.0,1.0,1.0,1.0
main,S-TDMA-1,3000,0.0,0,40128,inf,nan,1.0,1.0,1.0,1.0,1.0,1.0,1.0
main,S-TDMA-1,10000,0.0,0,39813,inf,nan,1.0,1.0,1.0,1.0,1.0,1.0,1.0
main,S-TDMA-4,10,0.0,0,40206,0.0065908275861942915,0.0065908275861942915,0.0,0.6016763667114361,0.0,0.0,0.0,0.0,0.0
main,S-TDMA-4,30,0.0,0,39698,0.006587004813177344,0.006587004813177344,0.0,0.5986195778124842,0.0,0.0,0.0,0.0,0.0
main,S-TDMA-4,100,0.0,0,39968,0.006572345475852384,0.006572345475852384,0.0,0.5975780624499599,0.0,0.0,0.0,0.0,0.0
main,S-TDMA-4,300,0.0,0,40201,0.008937225051429906,0.008937225051429906,0.0,0.777418472177309,0.0004228750528593816,0.0,0.0,0.0,0.0
main,S-TDMA-4,1000,0.0,0,40070,5.921352652558716,5.921352652558716,0.0,1.0,1.0,1.0,1.0,1.0,1.0
main,S-TDMA-4,3000,0.0,0,39788,inf,19.591587084816293,0.18578465869106264,1.0,1.0,1.0,1.0,1.0,1.0
main,S-TDMA-4,10000,0.0,0,39817,inf,nan,1.0,1.0,1.0,1.0,1.0,1.0,1.0
main,L,10,0.2,0,40000,0.0022786144558755777,0.0022786144558755777,0.0,0.0,0.0,0.0,0.0,0.0,0.0
main,L,30,0.2,0,40000,0.002281472332855256,0.002281472332855256,0.0,0.0,0.0,0.0,0.0,0.0,0.0
main,L,100,0.2,0,40000,0.002280248997028846,0.002280248997028846,0.0,0.0,0.0,0.0,0.0,0.0,0.0
main,L,300,0.2,0,40000,0.0022801483654647943,0.0022801483654647943,0.0,0.0,0.0,0.0,0.0,0.0,0.0
main,L,1000,0.2,0,40000,0.002278895377165405,0.002278895377165405,0.0,0.0,0.0,0.0,0.0,0.0,0.0
main,L,3000,0.2,0,40000,0.0022804190537209887,0.0022804190537209887,0.0,0.0,0.0,0.0,0.0,0.0,0.0
main,L,10000,0.2,0,40000,0.002280408065097288,0.002280408065097288,0.0,0.0,0.0,0.0,0.0,0.0,0.0
main,E,10,0.2,0,40000,0.03668387009608361,0.036294907328057,0.00415,0.5084,0.5084,0.12645,0.00545,0.00415,0.00415
main,E,30,0.2,0,40000,0.043074204023146434,0.036347595992404065,0.00485,0.505525,0.505525,0.12965,0.006125,0.00485,0.00485
main,E,100,0.2,0,40000,0.04304202479377402,0.03634409479080351,0.004675,0.5131,0.5131,0.129925,0.0062,0.004675,0.004675
main,E,300,0.2,0,40000,0.0430942362622556,0.03623231451410443,0.00495,0.50985,0.50985,0.130925,0.00595,0.00495,0.00495
main,E,1000,0.2,0,40000,0.04341771923401007,0.03631266085991407,0.0056,0.5139,0.5139,0.135175,0.006925,0.0056,0.0056
main,E,3000,0.2,0,40000,0.04312396354659874,0.036266892345265055,0.005425,0.510975,0.510975,0.128925,0.006775,0.005425,0.005425
main,E,10000,0.2,0,40000,0.04307978405448844,0.036253870559733996,0.005225,0.512175,0.512175,0.130225,0.006475,0.005225,0.005225
main,S-ALOHA,10,0.2,0,39697,0.057480837987610084,0.04782000692257519,0.007330528755321561,0.7654986522911051,0.4192004433584402,0.16751895609239992,0.014081668639947604,0.007330528755321561,0.007330528755321561
main,S-ALOHA,30,0.2,0,39726,inf,0.05931151080757992,0.044278306398832,0.8221064290389166,0.5551024517947943,0.3172229773951568,0.06990384131299401,0.044278306398832,0.044278306398832
main,S-ALOHA,100,0.2,0,40244,inf,0.0824212848968005,0.5406768710863731,0.9705049199880728,0.9287844150680847,0.8521021767219958,0.6299075638604512,0.5406768710863731,0.5406768710863731
main,S-ALOHA,300,0.2,0,39920,inf,0.09237468711623899,0.9902555110220441,0.9999498997995993,0.9997244488977955,0.9989729458917835,0.9946392785571142,0.9902805611222445,0.9902555110220441
main,S-ALOHA,1000,0.2,0,40211,inf,0.07381381558127077,0.9999751311830096,1.0,1.0,1.0,1.0,0.9999751311830096,0.9999751311830096
main,S-ALOHA,3000,0.2,0,39866,inf,0.08474655036907174,0.9998996638739778,1.0,1.0,1.0,1.0,0.9998996638739778,0.9998996638739778
main,S-ALOHA,10000,0.2,0,40349,inf,0.1338070904067885,0.9998760811916033,1.0,1.0,1.0,1.0,1.0,0.9998760811916033
main,S-TDMA-1,10,0.2,0,40013,0.010107436646158943,0.010041461141822325,0.0007747482068327793,0.7530052732861819,0.010996426161497513,0.0007747482068327793,0.0007747482068327793,0.0007747482068327793,0.0007747482068327793
main,S-TDMA-1,30,0.2,0,40135,0.011810345435202742,0.0117172428096738,0.0004983181761554753,0.7834060047340227,0.028703126946555375,0.0005979818113865704,0.0004983181761554753,0.0004983181761554753,0.0004983181761554753
main,S-TDMA-1,100,0.2,0,39928,0.026995405452062703,0.02650344491252705,0.0008765778401122019,0.8969645361650972,0.26770687237026647,0.03318473251853336,0.0012522540573031457,0.0008765778401122019,0.0008765778401122019
main,S-TDMA-1,300,0.2,0,40127,97.62507409904138,96.38996794031985,0.0008722306676302739,1.0,1.0,1.0,1.0,1.0,1.0
main,S-TDMA-1,1000,0.2,0,39867,inf,67.13824113779178,0.9016479795319438,1.0,1.0,1.0,1.0,1.0,1.0
main,S-TDMA-1,3000,0.2,0,40061,inf,nan,1.0,1.0,1.0,1.0,1.0,1.0,1.0
main,S-TDMA-1,10000,0.2,0,40346,inf,nan,1.0,1.0,1.0,1.0,1.0,1.0,1.0
main,S-TDMA-4,10,0.2,0,39957,0.009342577861389298,0.009311720203336921,0.00047551117451260106,0.741597217008284,0.004780138649047726,0.00047551117451260106,0.00047551117451260106,0.00047551117451260106,0.00047551117451260106
main,S-TDMA-4,30,0.2,0,39836,0.009360262545516326,0.009290719192965567,0.0007781905813836731,0.7415654182146801,0.004669143488302038,0.0007781905813836731,0.0007781905813836731,0.0007781905813836731,0.0007781905813836731
main,S-TDMA-4,100,0.2,0,40249,0.009434788422364643,0.009375300988356641,0.0007453601331710105,0.7428507540560014,0.0047951501900668336,0.0007453601331710105,0.0007453601331710105,0.0007453601331710105,0.0007453601331710105
main,S-TDMA-4,300,0.2,0,39970,0.031413299234808754,0.031117872050086568,0.0009256942707030273,0.8621466099574681,0.1768076057042782,0.04480860645484113,0.0010007505629221916,0.0009256942707030273,0.0009256942707030273
main,S-TDMA-4,1000,0.2,0,40275,20.654608454285995,20.15140588394021,0.0013159528243327126,1.0,1.0,1.0,1.0,1.0,1.0
main,S-TDMA-4,3000,0.2,0,40271,inf,23.64709931467459,0.542872041916019,1.0,1.0,1.0,1.0,1.0,1.0
main,S-TDMA-4,10000,0.2,0,39990,inf,nan,1.0,1.0,1.0,1.0,1.0,1.0,1.0
sat,S-TDMA-1,52,0.0,1,19917,0.00901802660618741,0.00901802660618741,0.0,0.6973439775066526,0.003363960435808606,0.0,0.0,0.0,0.0
sat,S-TDMA-1,104,0.0,1,20124,0.015587719562433634,0.015587719562433634,0.0,0.8043629497117869,0.07548201152852316,0.0013913734843967402,0.0,0.0,0.0
sat,S-TDMA-1,156,0.0,1,19946,0.02548560925932755,0.02548560925932755,0.0,0.9000300812192921,0.3259300110297804,0.044620475283264814,0.0,0.0,0.0
sat,S-TDMA-1,188,0.0,1,20146,0.09292187985417925,0.09292187985417925,0.0,0.9673880671100963,0.7153777424798967,0.41214136801350143,0.06373473642410404,0.005658691551672789,0.0
sat,S-TDMA-1,198,0.0,1,20030,0.13544695919184738,0.13544695919184738,0.0,0.9836245631552671,0.8338991512730903,0.6162256615077384,0.20474288567149276,0.03489765351972042,0.0
sat,S-TDMA-1,219,0.0,1,20129,3.9417591487638806,3.9417591487638806,0.0,1.0,1.0,1.0,1.0,1.0,0.9131601172437777
sat,S-TDMA-1,229,0.0,1,20011,6.6472875837452055,6.6472875837452055,0.0,1.0,1.0,1.0,1.0,1.0,1.0
sat,S-TDMA-1,260,0.0,1,19992,13.948402568652657,13.948402568652657,0.0,1.0,1.0,1.0,1.0,1.0,1.0
sat,S-TDMA-1,312,0.0,1,20103,21.51522876165115,21.51522876165115,0.0,1.0,1.0,1.0,1.0,1.0,1.0
sat,S-TDMA-1,417,0.0,1,20083,29.077894616056998,29.077894616056998,0.0,1.0,1.0,1.0,1.0,1.0,1.0
sat,S-TDMA-1,625,0.0,1,19900,38.31039693242005,38.31039693242005,0.0,1.0,1.0,1.0,1.0,1.0,1.0
sat,S-TDMA-4,208,0.0,4,20081,0.00863188174764655,0.00863188174764655,0.0,0.666052487425925,0.0,0.0,0.0,0.0,0.0
sat,S-TDMA-4,417,0.0,4,20065,0.009346176194486971,0.009346176194486971,0.0,0.851133815100922,0.001893845003737852,0.0,0.0,0.0,0.0
sat,S-TDMA-4,625,0.0,4,20080,0.012017995123014222,0.012017995123014222,0.0,0.9332171314741036,0.06673306772908366,0.0,0.0,0.0,0.0
sat,S-TDMA-4,750,0.0,4,19846,0.020229366266757805,0.020229366266757805,0.0,0.9702206993852666,0.356746951526756,0.011387685175854076,0.0,0.0,0.0
sat,S-TDMA-4,792,0.0,4,20288,0.041260466672820635,0.041260466672820635,0.0,0.9906348580441641,0.7119479495268138,0.25034503154574134,0.0,0.0,0.0
sat,S-TDMA-4,875,0.0,4,19923,0.7853046253587811,0.7853046253587811,0.0,1.0,1.0,1.0,1.0,1.0,0.0
sat,S-TDMA-4,917,0.0,4,19788,1.5098066668201864,1.5098066668201864,0.0,1.0,1.0,1.0,1.0,1.0,0.41257327673337374
sat,S-TDMA-4,1042,0.0,4,20050,3.6171281750063535,3.6171281750063535,0.0,1.0,1.0,1.0,1.0,1.0,0.939850374064838
sat,S-TDMA-4,1250,0.0,4,20258,5.494176535827922,5.494176535827922,0.0,1.0,1.0,1.0,1.0,1.0,1.0
sat,S-TDMA-4,1667,0.0,4,20134,7.305444676728784,7.305444676728784,0.0,1.0,1.0,1.0,1.0,1.0,1.0
sat,S-TDMA-4,2500,0.0,4,19923,9.513817136922583,9.513817136922583,0.0,1.0,1.0,1.0,1.0,1.0,1.0
favour,S-TDMA-4,1000,0.0,4,19989,0.004968750966941556,0.004968750966941556,0.0,0.006903797088398619,0.0,0.0,0.0,0.0,0.0
favour,S-TDMA-4,3000,0.0,4,19771,0.006283171987649908,0.006283171987649908,0.0,0.22032269485610237,0.0,0.0,0.0,0.0,0.0
favour,S-TDMA-4,10000,0.0,4,19986,0.03665753314396562,0.03665753314396562,0.0,0.9909436605623937,0.8895226658661063,0.6921845291704193,0.0,0.0,0.0
favour,S-TDMA-4,20000,0.0,4,19793,2.3601853348197244,2.3601853348197244,0.0,1.0,1.0,1.0,1.0,1.0,0.8813722022937402
favour,S-TDMA-4,30000,0.0,4,19913,3.1723465553366816,3.1723465553366816,0.0,1.0,1.0,1.0,1.0,1.0,0.9981419173404309
favour,S-TDMA-4,50000,0.0,4,20080,inf,3.173181191306116,0.5643426294820717,1.0,1.0,1.0,1.0,1.0,1.0
