exp,arch,N,seed,coll_rate,onsets,reflex_frac,miss_inf
M1,E,100,1,0.0,0,0.999813628001491,0.00035
M1,E,100,2,0.12000000000000002,1,0.9997815421122673,0.0003
M1,E,100,3,0.0,0,0.9998135712137918,0.00015
M1,E,300,1,0.12,3,0.9996372655837185,0.00035
M1,E,300,2,0.04,1,0.999696683427023,0.0003
M1,E,300,3,0.24,6,0.9998610075349954,0.00015
M1,E,600,1,3.26,163,0.9996411985571773,0.00035
M1,E,600,2,0.86,43,0.9996980023725521,0.0003
M1,E,600,3,1.38,69,0.9998223019117242,0.00015
M1,E,1000,1,1.9080000000000001,159,0.9996294233454474,0.00035
M1,E,1000,2,1.9680000000000002,164,0.9996869492300594,0.0003
M1,E,1000,3,1.308,109,0.9998558894706313,0.00015
M1,E,3000,1,2.316,579,0.9996518124923425,0.00035
M1,E,3000,2,1.664,416,0.9996973093466411,0.0003
M1,E,3000,3,0.772,193,0.9998623797008188,0.00015
M1,L,100,1,0.0,0,1.0000060044673238,0.0
M1,L,100,2,0.0,0,0.9999899921338172,0.0
M1,L,100,3,0.0,0,0.9999819846148611,0.0
M1,L,300,1,0.0,0,0.9999973313692211,0.0
M1,L,300,2,0.0,0,1.000003336169077,0.0
M1,L,300,3,0.0,0,0.999991326845814,0.0
M1,L,600,1,0.24,12,0.9999976649161322,0.0
M1,L,600,2,0.04,2,1.0000020015271651,0.0
M1,L,600,3,0.04,2,1.0000046701178837,0.0
M1,L,1000,1,0.0,0,1.0000054041893276,0.0
M1,L,1000,2,0.084,7,1.000007605687533,0.0
M1,L,1000,3,2.3880000000000003,199,0.9999953966800856,0.0
M1,L,3000,1,1.808,452,1.0000055374831232,0.0
M1,L,3000,2,1.696,424,1.0000040029589874,0.0
M1,L,3000,3,0.276,69,0.9999973313693992,0.0
M1,S-ALOHA,100,1,247.56000000000003,2063,0.6386652877650707,0.36137896577566825
M1,S-ALOHA,100,2,234.12000000000003,1951,0.6291071381733588,0.3717074142309416
M1,S-ALOHA,100,3,249.84000000000003,2082,0.6185719623148307,0.3809687730513892
M1,S-ALOHA,300,1,384.52,9613,0.013143537347485369,0.9869098176367724
M1,S-ALOHA,300,2,388.72,9718,0.013806921948139423,0.9862072399541901
M1,S-ALOHA,300,3,390.12,9753,0.012545356971625333,0.9873125153675928
M1,S-ALOHA,600,1,388.32,19416,0.00013125394441905507,0.9998501124156882
M1,S-ALOHA,600,2,389.28,19464,0.0003034303257034028,0.9997012398546034
M1,S-ALOHA,600,3,388.16,19408,0.00016041975596484497,0.9998524711089255
M1,S-ALOHA,1000,1,391.848,32654,0.0001997627740540192,0.9998001498875844
M1,S-ALOHA,1000,2,391.24800000000005,32604,0.00010238932213985525,0.9999004132848678
M1,S-ALOHA,1000,3,386.59200000000004,32216,9.381942127286032e-05,0.9999016474059503
M1,S-ALOHA,3000,1,390.552,97638,0.00010122221920844225,0.9999000749437922
M1,S-ALOHA,3000,2,391.404,97851,0.0,1.0
M1,S-ALOHA,3000,3,388.74,97185,9.686311126898227e-05,0.9999016474059503
M1,S-TDMA-1,100,1,2.16,18,1.000012015379686,0.0
M1,S-TDMA-1,100,2,2.5200000000000005,21,1.000006007834216,0.0
M1,S-TDMA-1,100,3,3.1200000000000006,26,1.0000300424800668,0.0
M1,S-TDMA-1,300,1,387.08,9677,0.0,0.0
M1,S-TDMA-1,300,2,383.32,9583,0.0,0.0
M1,S-TDMA-1,300,3,384.96,9624,0.0,0.0
M1,S-TDMA-1,600,1,390.58,19529,0.0,0.0
M1,S-TDMA-1,600,2,388.7,19435,0.0,0.0
M1,S-TDMA-1,600,3,387.26,19363,0.0,0.0
M1,S-TDMA-1,1000,1,388.92,32410,0.0,0.7913065201099175
M1,S-TDMA-1,1000,2,395.78400000000005,32982,0.0,0.8168102375143156
M1,S-TDMA-1,1000,3,389.64000000000004,32470,0.0,0.8238505040570445
M1,S-TDMA-1,3000,1,389.836,97459,0.0,1.0
M1,S-TDMA-1,3000,2,391.404,97851,0.0,1.0
M1,S-TDMA-1,3000,3,389.18,97295,0.0,1.0
M1,S-TDMA-4,100,1,0.0,0,1.000014006050614,0.0
M1,S-TDMA-4,100,2,16.080000000000002,134,1.0,0.0
M1,S-TDMA-4,100,3,0.0,0,1.0000080030891925,0.0
M1,S-TDMA-4,300,1,5.36,134,0.9999979988740331,0.0
M1,S-TDMA-4,300,2,0.0,0,1.0,0.0
M1,S-TDMA-4,300,3,0.0,0,1.0000193456629691,0.0
M1,S-TDMA-4,600,1,0.18,9,0.9999893220004165,0.0
M1,S-TDMA-4,600,2,2.28,114,0.9999976640200013,0.0
M1,S-TDMA-4,600,3,1.08,54,1.000007008379686,0.0
M1,S-TDMA-4,1000,1,392.928,32744,0.010207249397412313,0.0
M1,S-TDMA-4,1000,2,395.78400000000005,32982,0.0,0.0
M1,S-TDMA-4,1000,3,389.64000000000004,32470,0.0,0.0
M1,S-TDMA-4,3000,1,389.836,97459,0.0,0.0
M1,S-TDMA-4,3000,2,391.404,97851,0.0,0.02051486331723348
M1,S-TDMA-4,3000,3,389.18,97295,0.0,0.0377182198180477
