tau_s,L,E,S-ALOHA,S-TDMA-1,S-TDMA-4
0.001,0.650325,1.0,1.0,1.0,1.0
0.001122018454301963,0.5891,1.0,1.0,1.0,1.0
0.0012589254117941675,0.519525,1.0,1.0,1.0,1.0
0.001412537544622754,0.44325,1.0,1.0,1.0,1.0
0.001584893192461114,0.3579,1.0,1.0,1.0,1.0
0.0017782794100389228,0.26085,1.0,1.0,1.0,1.0
0.001995262314968879,0.1529,1.0,1.0,1.0,1.0
0.00223872113856834,0.031875,1.0,1.0,1.0,1.0
0.0025118864315095794,0.0,1.0,1.0,1.0,1.0
0.002818382931264455,0.0,0.9516,1.0,1.0,1.0
0.0031622776601683794,0.0,0.812425,1.0,1.0,1.0
0.0035481338923357532,0.0,0.654225,1.0,1.0,1.0
0.003981071705534973,0.0,0.48085,1.0,1.0,1.0
0.0044668359215096305,0.0,0.282575,1.0,1.0,1.0
0.005011872336272725,0.0,0.1864,1.0,1.0,1.0
0.005623413251903491,0.0,0.1864,1.0,1.0,1.0
0.006309573444801929,0.0,0.1864,1.0,1.0,1.0
0.00707945784384138,0.0,0.1864,1.0,1.0,1.0
0.007943282347242814,0.0,0.1864,1.0,1.0,1.0
0.008912509381337459,0.0,0.1864,1.0,1.0,1.0
0.01,0.0,0.1864,1.0,1.0,1.0
0.011220184543019636,0.0,0.144925,1.0,1.0,1.0
0.012589254117941675,0.0,0.035825,1.0,1.0,1.0
0.014125375446227547,0.0,0.0263,1.0,1.0,1.0
0.01584893192461114,0.0,0.0263,1.0,1.0,1.0
0.01778279410038923,0.0,0.0263,1.0,1.0,1.0
0.0199526231496888,0.0,0.011975,1.0,1.0,1.0
0.0223872113856834,0.0,0.003275,1.0,1.0,1.0
0.025118864315095808,0.0,0.003275,1.0,1.0,1.0
0.02818382931264455,0.0,0.0011,1.0,1.0,1.0
0.03162277660168379,0.0,0.0005,1.0,1.0,1.0
0.03548133892335755,0.0,0.000325,1.0,1.0,1.0
0.039810717055349734,0.0,5e-05,1.0,1.0,1.0
0.04466835921509633,0.0,0.0,1.0,1.0,1.0
0.05011872336272725,0.0,0.0,1.0,1.0,1.0
0.056234132519034905,0.0,0.0,0.9999501060246975,1.0,1.0
0.06309573444801933,0.0,0.0,0.9998752650617438,1.0,1.0
0.0707945784384138,0.0,0.0,0.9998752650617438,1.0,1.0
0.07943282347242818,0.0,0.0,0.9998752650617438,1.0,1.0
0.08912509381337459,0.0,0.0,0.9998752650617438,1.0,1.0
0.1,0.0,0.0,0.9998752650617438,1.0,1.0
0.11220184543019641,0.0,0.0,0.9998752650617438,1.0,1.0
0.12589254117941676,0.0,0.0,0.9998752650617438,1.0,1.0
0.1412537544622754,0.0,0.0,0.9998752650617438,1.0,1.0
0.1584893192461114,0.0,0.0,0.9998752650617438,1.0,1.0
0.1778279410038923,0.0,0.0,0.9998752650617438,1.0,1.0
0.19952623149688808,0.0,0.0,0.9998752650617438,1.0,1.0
0.223872113856834,0.0,0.0,0.9998752650617438,1.0,1.0
0.25118864315095824,0.0,0.0,0.9998752650617438,1.0,1.0
0.2818382931264455,0.0,0.0,0.9998752650617438,1.0,1.0
0.31622776601683794,0.0,0.0,0.9998752650617438,1.0,1.0
0.3548133892335757,0.0,0.0,0.9998752650617438,1.0,1.0
0.3981071705534973,0.0,0.0,0.9998752650617438,1.0,1.0
0.4466835921509635,0.0,0.0,0.9998752650617438,1.0,1.0
0.5011872336272725,0.0,0.0,0.9998752650617438,1.0,1.0
0.5623413251903491,0.0,0.0,0.9998752650617438,1.0,1.0
0.6309573444801936,0.0,0.0,0.9998752650617438,1.0,1.0
0.707945784384138,0.0,0.0,0.9998752650617438,1.0,1.0
0.7943282347242822,0.0,0.0,0.9998752650617438,1.0,1.0
0.8912509381337459,0.0,0.0,0.9998752650617438,1.0,1.0
1.0,0.0,0.0,0.9998752650617438,1.0,1.0
